pay_mon,full_name,pay_amount,pay_countpermon
2007-02-01T00:00:00.000Z,Eleanor Hunt,211.55,45
2007-04-01T00:00:00.000Z,Eleanor Hunt,211.55,45
2007-03-01T00:00:00.000Z,Eleanor Hunt,211.55,45
2007-03-01T00:00:00.000Z,Karl Seal,208.58,42
2007-02-01T00:00:00.000Z,Karl Seal,208.58,42
2007-04-01T00:00:00.000Z,Karl Seal,208.58,42
2007-05-01T00:00:00.000Z,Marion Snyder,194.61,39
2007-02-01T00:00:00.000Z,Marion Snyder,194.61,39
2007-04-01T00:00:00.000Z,Marion Snyder,194.61,39
2007-03-01T00:00:00.000Z,Marion Snyder,194.61,39
